document_id,title,filename,source_url,doc_type,topic,page_value
1,Выпускная квалификационная работа (ВКР) — Справочник учебного процесса НИУ ВШЭ — Национальный исследовательский университет «Высшая школа экономики»,studyspravka_vkr_a84c2bafde.txt,https://www.hse.ru/studyspravka/vkr,web,vkr,keep
2,Практическая подготовка студентов НИУ ВШЭ — Справочник учебного процесса НИУ ВШЭ — Национальный исследовательский университет «Высшая школа экономики»,studyspravka_practice_fb289ff36a.txt,https://www.hse.ru/studyspravka/practice,web,practice,keep
3,"Академический отпуск, отпуск по беременности и родам и уходу за ребенком для обучающихся НИУ ВШЭ — Справочник учебного процесса НИУ ВШЭ — Национальный исследовательский университет «Высшая школа экономики»",studyspravka_academotpusk_4ea782cc13.txt,https://www.hse.ru/studyspravka/academotpusk,web,academic_leave,keep
4,Локальные положения и регламенты — Справочник учебного процесса НИУ ВШЭ — Национальный исследовательский университет «Высшая школа экономики»,studyspravka_loc_0fd4875722.txt,https://www.hse.ru/studyspravka/loc,web,documents,low_value
5,Нормативные документы Правительства РФ и Министерства образования и науки РФ — Справочник учебного процесса НИУ ВШЭ — Национальный исследовательский университет «Высшая школа экономики»,studyspravka_NormDokMON_7d081b05e8.txt,https://www.hse.ru/studyspravka/NormDokMON,web,documents,low_value
6,Академический календарь (График учебного процесса) — Справочник учебного процесса НИУ ВШЭ — Национальный исследовательский университет «Высшая школа экономики»,studyspravka_grafik_9cd50f3e57.txt,https://www.hse.ru/studyspravka/grafik,web,academic_leave,keep
7,Контроль знаний студентов — Справочник учебного процесса НИУ ВШЭ — Национальный исследовательский университет «Высшая школа экономики»,studyspravka_kontr_4b3583f271.txt,https://www.hse.ru/studyspravka/kontr,web,documents,low_value
8,Программа учебной дисциплины (ПУД) — Справочник учебного процесса НИУ ВШЭ — Национальный исследовательский университет «Высшая школа экономики»,studyspravka_syllabus_106466835a.txt,https://www.hse.ru/studyspravka/syllabus,web,documents,low_value
9,Английский язык в бакалавриате и специалитете — Справочник учебного процесса НИУ ВШЭ — Национальный исследовательский университет «Высшая школа экономики»,studyspravka_engbach_7fafb718af.txt,https://www.hse.ru/studyspravka/engbach,web,documents,keep
10,Цифровые компетенции в бакалавриате: независимые экзамены и внешняя оценка — Справочник учебного процесса НИУ ВШЭ — Национальный исследовательский университет «Высшая школа экономики»,studyspravka_examsdataculture_e0646d6e3a.txt,https://www.hse.ru/studyspravka/examsdataculture,web,documents,keep
11,Показатель качества учебной деятельности (КУД) — Справочник учебного процесса НИУ ВШЭ — Национальный исследовательский университет «Высшая школа экономики»,studyspravka_kud_45b0b50570.txt,https://www.hse.ru/studyspravka/kud,web,documents,keep
12,Пакет документов первокурсника НИУ ВШЭ-Москва — Справочник учебного процесса НИУ ВШЭ — Национальный исследовательский университет «Высшая школа экономики»,studyspravka_documents_dc7084283c.txt,https://www.hse.ru/studyspravka/documents,web,documents,keep
13,Перенос второй пересдачи дисциплины и ее повторное изучение — Справочник учебного процесса НИУ ВШЭ — Национальный исследовательский университет «Высшая школа экономики»,studyspravka_repeated_courses_e9699ed4e9.txt,https://www.hse.ru/studyspravka/repeated_courses,web,documents,keep
14,Отсутствие на экзаменах по уважительной причине — Справочник учебного процесса НИУ ВШЭ — Национальный исследовательский университет «Высшая школа экономики»,studyspravka_medcert_844abbbd1f.txt,https://www.hse.ru/studyspravka/medcert,web,documents,keep
15,ПОПАТКУС: вопрос-ответ — Справочник учебного процесса НИУ ВШЭ — Национальный исследовательский университет «Высшая школа экономики»,studyspravka_new_regulations_be1efb52f9.txt,https://www.hse.ru/studyspravka/new_regulations,web,faq,low_value
16,Электронный студенческий билет — Справочник учебного процесса НИУ ВШЭ — Национальный исследовательский университет «Высшая школа экономики»,studyspravka_studbilet_ea09d37b1a.txt,https://www.hse.ru/studyspravka/studbilet,web,documents,keep
17,Особенности учебного процесса в НИУ ВШЭ: Информация для ППС — Справочник учебного процесса НИУ ВШЭ — Национальный исследовательский университет «Высшая школа экономики»,studyspravka_pers_a3ce7d9553.txt,https://www.hse.ru/studyspravka/pers,web,documents,keep
18,Правила использования искусственного интеллекта студентами: Информация для ППС — Справочник учебного процесса НИУ ВШЭ — Национальный исследовательский университет «Высшая школа экономики»,studyspravka_ai_guidelines_pps_70755ff94a.txt,https://www.hse.ru/studyspravka/ai_guidelines_pps,web,documents,low_value
19,Программа учебной дисциплины (ПУД): Информация для ППС — Справочник учебного процесса НИУ ВШЭ — Национальный исследовательский университет «Высшая школа экономики»,studyspravka_programmauchdisc_4600fbad7f.txt,https://www.hse.ru/studyspravka/programmauchdisc,web,documents,keep
20,Платформы для дистанционного обучения: Информация для ППС — Справочник учебного процесса НИУ ВШЭ — Национальный исследовательский университет «Высшая школа экономики»,studyspravka_video_lecture_8d340e20b4.txt,https://www.hse.ru/studyspravka/video_lecture,web,documents,keep
21,Нарушение академических норм: Информация для ППС — Справочник учебного процесса НИУ ВШЭ — Национальный исследовательский университет «Высшая школа экономики»,studyspravka_academnormy_75002e7a7e.txt,https://www.hse.ru/studyspravka/academnormy,web,academic_leave,low_value
22,Заказ аудиторий и техники для проведения занятий и мероприятий — Справочник учебного процесса НИУ ВШЭ — Национальный исследовательский университет «Высшая школа экономики»,studyspravka_zakaz_bb4afd685b.txt,https://www.hse.ru/studyspravka/zakaz,web,documents,keep
23,Правила использования искусственного интеллекта студентами НИУ ВШЭ — Справочник учебного процесса НИУ ВШЭ — Национальный исследовательский университет «Высшая школа экономики»,studyspravka_ai_guidelines_4858d7bdb8.txt,https://www.hse.ru/studyspravka/ai_guidelines,web,documents,low_value
24,Плагиат в письменных работах студентов — Справочник учебного процесса НИУ ВШЭ — Национальный исследовательский университет «Высшая школа экономики»,studyspravka_plagiat_0874b14343.txt,https://www.hse.ru/studyspravka/plagiat,web,documents,keep
25,Инструкция по загрузке КР/ВКР студентами для проверки на плагиат — Справочник учебного процесса НИУ ВШЭ — Национальный исследовательский университет «Высшая школа экономики»,studyspravka_instpaliat_c0ce2dad25.txt,https://www.hse.ru/studyspravka/instpaliat,web,vkr,low_value
26,Государственная итоговая аттестация (ГИА) студентов: организация и проведение — Справочник учебного процесса НИУ ВШЭ — Национальный исследовательский университет «Высшая школа экономики»,studyspravka_IGA_aa71d986b3.txt,https://www.hse.ru/studyspravka/IGA,web,documents,low_value
27,Особенности ГИА — Справочник учебного процесса НИУ ВШЭ — Национальный исследовательский университет «Высшая школа экономики»,studyspravka_gia_invalid_57e2385159.txt,https://www.hse.ru/studyspravka/gia_invalid,web,documents,keep
28,Порядок организации и проведения апелляций по результатам государственных аттестационных испытаний (ГИА) — Справочник учебного процесса НИУ ВШЭ — Национальный исследовательский университет «Высшая школа экономики»,studyspravka_GIA-apellacia_c98e84c080.txt,https://www.hse.ru/studyspravka/GIA-apellacia,web,documents,keep
29,Порядок повторного прохождения государственных аттестационных испытаний (ГИА) — Справочник учебного процесса НИУ ВШЭ — Национальный исследовательский университет «Высшая школа экономики»,studyspravka_GIA-povtor_930774882b.txt,https://www.hse.ru/studyspravka/GIA-povtor,web,documents,keep
30,Отчисление студентов НИУ ВШЭ — Справочник учебного процесса НИУ ВШЭ — Национальный исследовательский университет «Высшая школа экономики»,studyspravka_otch_f2541771ed.txt,https://www.hse.ru/studyspravka/otch,web,documents,keep
31,Восстановление студентов — Справочник учебного процесса НИУ ВШЭ — Национальный исследовательский университет «Высшая школа экономики»,studyspravka_vosst_f965ad77ae.txt,https://www.hse.ru/studyspravka/vosst,web,documents,keep
32,Сервис «Завершение обучения» — Справочник учебного процесса НИУ ВШЭ — Национальный исследовательский университет «Высшая школа экономики»,studyspravka_theend_43bd606e6a.txt,https://www.hse.ru/studyspravka/theend,web,documents,keep
33,Последипломные каникулы после прохождения студентами ГИА — Справочник учебного процесса НИУ ВШЭ — Национальный исследовательский университет «Высшая школа экономики»,studyspravka_igaotpusk_d80f0f40d9.txt,https://www.hse.ru/studyspravka/igaotpusk,web,documents,low_value
34,Курсовая работа — Справочник учебного процесса НИУ ВШЭ — Национальный исследовательский университет «Высшая школа экономики»,studyspravka_kursovrab_b6ea385e9b.txt,https://www.hse.ru/studyspravka/kursovrab,web,documents,keep
35,Обучение служением — Справочник учебного процесса НИУ ВШЭ — Национальный исследовательский университет «Высшая школа экономики»,studyspravka_ob_sluzeniem_a8e59ed7a4.txt,https://www.hse.ru/studyspravka/ob_sluzeniem,web,documents,low_value
36,"Выход из академического отпуска, отпуска по беременности и родам и уходу за ребенком для обучающихся НИУ ВШЭ — Справочник учебного процесса НИУ ВШЭ — Национальный исследовательский университет «Высшая школа экономики»",studyspravka_return_academ_4988846261.txt,https://www.hse.ru/studyspravka/return_academ,web,academic_leave,keep
37,Индивидуальный учебный план (ИУП) — Справочник учебного процесса НИУ ВШЭ — Национальный исследовательский университет «Высшая школа экономики»,studyspravka_plan_bb3f29ffe3.txt,https://www.hse.ru/studyspravka/plan,web,documents,keep
38,Академическая мобильность — Справочник учебного процесса НИУ ВШЭ — Национальный исследовательский университет «Высшая школа экономики»,studyspravka_acmob_bc3ddf3780.txt,https://www.hse.ru/studyspravka/acmob,web,academic_leave,low_value
39,Отдельные категории студентов — Справочник учебного процесса НИУ ВШЭ — Национальный исследовательский университет «Высшая школа экономики»,studyspravka_spec_categ_4eae2c4d9e.txt,https://www.hse.ru/studyspravka/spec_categ,web,documents,keep
40,Начало учебы в НИУ ВШЭ-Москва — Справочник учебного процесса НИУ ВШЭ — Национальный исследовательский университет «Высшая школа экономики»,studyspravka_start_5d04e7cf49.txt,https://www.hse.ru/studyspravka/start,web,documents,keep
